{
  "vinyl_table": {
    "1": {
      "title": "Demon Days",
      "artist": "Gorillaz",
      "release_date": "2023-07-09",
      "vinyl_type": "Album",
      "genre": [
        "Hiphop"
      ],
      "publisher": "Paraphonels",
      "Katalog-Nr.": "1234567",
      "cover": "https://i.discogs.com/fZJ1BSdJ4r8Pz6rr8m6dJ8VCnqs3XAEB3ElkYRrGads/rs:fit/g:sm/q:90/h:600/w:600/czM6Ly9kaXNjb2dz/LWRhdGFiYXNlLWlt/YWdlcy9SLTg0NDkw/NC0xMTY0NzEyNzc4/LmpwZWc.jpeg",
      "tracks": [
        "Last Living Souls",
        "Kids With Guns",
        "Dares"
      ]
    },
    "2": {
      "title": "Arrival",
      "artist": "Abba",
      "release_date": "2023-07-09",
      "genre": [
        "Schlager",
        "Pop"
      ],
      "vinyl_type": "Album",
      "publisher": "Polydor",
      "Katalog-Nr.": "2345679",
      "cover": "https://i.discogs.com/7qQbsfzVxOpFGoDY9w9WFKIBwrryRVGxR6bS8MkxUP0/rs:fit/g:sm/q:90/h:600/w:599/czM6Ly9kaXNjb2dz/LWRhdGFiYXNlLWlt/YWdlcy9SLTQ0MTE2/NS0xNDc5NzUzODY1/LTE4MDQuanBlZw.jpeg",
      "tracks": [
        "Arrival"
      ]
    },
    "3": {
      "title": "Michael Jackson II",
      "artist": "Michael Jackson",
      "release_date": "2023-07-09",
      "genre": [
        "Pop"
      ],
      "vinyl_type": "Album",
      "publisher": "Music-Design",
      "Katalog-Nr.": "MDRC-1083",
      "cover": "https://i.discogs.com/CAn-w5_8Ac3usty4lMFtw1QIcQoEsMldVRSiy1pFTR8/rs:fit/g:sm/q:90/h:501/w:500/czM6Ly9kaXNjb2dz/LWRhdGFiYXNlLWlt/YWdlcy9SLTQ4MTUz/MjMtMTU4OTQ5Njk2/NC0zNzIyLmpwZWc.jpeg",
      "tracks": [
        "The Girl Is Mine",
        "Thriller",
        "Beat It",
        "P.Y.T. (Pretty Young Thing)",
        "Man In The Mirror",
        "Another Part Of Me",
        "Bad",
        "Billie Jean",
        "The Way You Make Me Feel",
        "Human Nature",
        "I Just Can't Stop Loving You",
        "Dirty Diana"
      ]
    },
    "4": {
      "title": "Uptown Girl",
      "artist": "Billy Joel",
      "release_date": "2023-07-09",
      "genre": [
        "Rock"
      ],
      "vinyl_type": "Single",
      "publisher": "CBS, Family Productions",
      "Katalog-Nr.": "1234567",
      "cover": "https://i.discogs.com/Fe-lGnAqOCGyrcc7VfrmxO7AicclZNghR3rjjsOyzJA/rs:fit/g:sm/q:90/h:600/w:597/czM6Ly9kaXNjb2dz/LWRhdGFiYXNlLWlt/YWdlcy9SLTY1NTg1/Ny0xMzI3NjA0NDk3/LmpwZWc.jpeg",
      "tracks": [
        "Uptown Girl",
        "Careless Talk"
      ]
    },
    "5": {
      "title": "Kargo",
      "artist": "Kraftklub",
      "release_date": "2023-07-09",
      "genre": [
        "Pop",
        "Rock"
      ],
      "vinyl_type": "Album",
      "publisher": "Capitol/Vertigo",
      "Katalog-Nr.": "123455",
      "cover": "https://i.discogs.com/WbvX9wBL_mR6r6oFyadrGZp2O-tOLY_TlhEpewDDLdc/rs:fit/g:sm/q:90/h:500/w:500/czM6Ly9kaXNjb2dz/LWRhdGFiYXNlLWlt/YWdlcy9SLTI0NTk2/MjQ2LTE2NjM4NTgx/NjAtNzY3OS5qcGVn.jpeg",
      "tracks": [
        "Ein Song reicht"
      ]
    },
    "6": {
      "title": "Hurra die Welt geht unter",
      "artist": "K.I.Z.",
      "release_date": "01.01.2015",
      "genre": [
        "Hiphop"
      ],
      "vinyl_type": "Album",
      "publisher": "Vertigo Berlin",
      "Katalog-Nr.": "06025 4743209 4",
      "cover": "https://i.discogs.com/uxCAowY3oiWhBqBOlzNbbnsCpS0VYSwl1qPbF3L-ih4/rs:fit/g:sm/q:90/h:598/w:600/czM6Ly9kaXNjb2dz/LWRhdGFiYXNlLWlt/YWdlcy9SLTcyMjQx/NjktMTYwMjYzMDMw/My02MTc5LmpwZWc.jpeg",
      "tracks": []
    },
    "7": {
      "title": "The Dark Side of the Moon",
      "artist": "Pink Floyd",
      "release_date": "01.01.1973",
      "genre": [
        "Rock"
      ],
      "vinyl_type": "Album",
      "publisher": "Harvest",
      "Katalog-Nr.": "SMAS-11163",
      "cover": "https://i.discogs.com/9TFRqx1yW7EkC71l42QR2UEjnSWzcXT5TGDsfWxT4xE/rs:fit/g:sm/q:90/h:600/w:597/czM6Ly9kaXNjb2dz/LWRhdGFiYXNlLWlt/YWdlcy9SLTE4NzMw/MTMtMTY2NzIwODk0/MC01NTc3LmpwZWc.jpeg",
      "tracks": []
    },
    "8": {
      "title": "The Wall",
      "artist": "Pink Floyd",
      "release_date": "30.11.1973",
      "genre": [
        "Rock"
      ],
      "vinyl_type": "Album",
      "publisher": "Harvest",
      "Katalog-Nr.": "SHDW 411",
      "cover": "https://i.discogs.com/tr65mTAxcsNiDI7G-cgWG3P-jcy-jwfP0RJtyVjA_C8/rs:fit/g:sm/q:90/h:600/w:588/czM6Ly9kaXNjb2dz/LWRhdGFiYXNlLWlt/YWdlcy9SLTM2NzUx/MS0xNTI5MDc3MDIx/LTExNTUuanBlZw.jpeg",
      "tracks": []
    },
    "9": {
      "title": "Nevermind",
      "artist": "Nirvana",
      "release_date": "01.01.1991",
      "genre": [
        "Rock"
      ],
      "vinyl_type": "Album",
      "publisher": "DGC",
      "Katalog-Nr.": "DGC-24425",
      "cover": "https://i.discogs.com/XoAXkLe03Vk0Kt-oQqw7V9uW5nBzQdNvZd0zar5mOiQ/rs:fit/g:sm/q:90/h:592/w:600/czM6Ly9kaXNjb2dz/LWRhdGFiYXNlLWlt/YWdlcy9SLTM2NzA4/NC0xMjYzMDk1NTUz/LmpwZWc.jpeg",
      "tracks": [
        "Smells Like Teen Spirit",
        "In Bloom",
        "Come As You Are",
        "Breed",
        "Lithium",
        "Polly",
        "Territorial Pissings",
        "Drain You",
        "Lounge Act",
        "Stay Away",
        "On A Plain",
        "Something In The Way"
      ]
    },
    "11": {
      "title": "Paul",
      "artist": "Die \u00c4rzte",
      "release_date": "2023-07-09",
      "genre": [
        "Rock",
        "Pop"
      ],
      "vinyl_type": "Single",
      "publisher": "CBS",
      "Katalog-Nr.": "A 4845",
      "cover": "https://i.discogs.com/vkdM5r6zAc8dJ6v-lggw3uS_ZLr9D434dut6Vb0VmZg/rs:fit/g:sm/q:90/h:600/w:599/czM6Ly9kaXNjb2dz/LWRhdGFiYXNlLWlt/YWdlcy9SLTEwMDc4/NjgtMTI3OTAyNjc1/NC5qcGVn.jpeg",
      "tracks": [
        "Paul",
        "Erna P."
      ]
    },
    "12": {
      "title": "Der letzte Song",
      "artist": "Kummer",
      "release_date": "2021-11-09",
      "genre": [
        "Hiphop",
        "Pop"
      ],
      "vinyl_type": "Single",
      "publisher": "Eklat Tontr\u00e4ger",
      "Katalog-Nr.": "K.A.",
      "cover": "https://i.discogs.com/Jmg7pJWE0LoMl6F_ZvDF4e_Gig_LWn4Y0kJxd291LNQ/rs:fit/g:sm/q:90/h:594/w:600/czM6Ly9kaXNjb2dz/LWRhdGFiYXNlLWlt/YWdlcy9SLTIwOTQ4/MjMwLTE2MzY3MjA4/MjItNDUyNC5qcGVn.jpeg",
      "tracks": [
        "Der letzte Song (Alles wird gut)"
      ]
    }
  }
}