{"vinyl_table": {"1": {"title": "Demon Days", "artist": "Gorillaz", "release_date": "2023-07-01", "vinyl_type": "Album", "genre": ["Hiphop"], "publisher": "Paraphonels", "ISBN": "1234567", "cover": "https://i.discogs.com/fZJ1BSdJ4r8Pz6rr8m6dJ8VCnqs3XAEB3ElkYRrGads/rs:fit/g:sm/q:90/h:600/w:600/czM6Ly9kaXNjb2dz/LWRhdGFiYXNlLWlt/YWdlcy9SLTg0NDkw/NC0xMTY0NzEyNzc4/LmpwZWc.jpeg", "tracks": []}, "2": {"title": "Arrival", "artist": "Abba", "release_date": "1976-01-01", "genre": ["Schlager", "Pop"], "vinyl_type": "Album", "publisher": "Polydor", "ISBN": "2345679", "cover": "https://i.discogs.com/7qQbsfzVxOpFGoDY9w9WFKIBwrryRVGxR6bS8MkxUP0/rs:fit/g:sm/q:90/h:600/w:599/czM6Ly9kaXNjb2dz/LWRhdGFiYXNlLWlt/YWdlcy9SLTQ0MTE2/NS0xNDc5NzUzODY1/LTE4MDQuanBlZw.jpeg", "tracks": []}, "3": {"title": "Michael Jackson II", "artist": "Michael Jackson", "release_date": "1990-01-01", "genre": ["Pop"], "vinyl_type": "Album", "publisher": "Music-Design", "ISBN": "MDRC-1083", "cover": "https://i.discogs.com/CAn-w5_8Ac3usty4lMFtw1QIcQoEsMldVRSiy1pFTR8/rs:fit/g:sm/q:90/h:501/w:500/czM6Ly9kaXNjb2dz/LWRhdGFiYXNlLWlt/YWdlcy9SLTQ4MTUz/MjMtMTU4OTQ5Njk2/NC0zNzIyLmpwZWc.jpeg", "tracks": []}, "4": {"title": "Uptown Girl", "artist": "Billy Joel", "release_date": "1983-01-01", "genre": ["Rock"], "vinyl_type": "Single", "publisher": "CBS, Family Productions", "ISBN": "1234567", "cover": "https://i.discogs.com/Fe-lGnAqOCGyrcc7VfrmxO7AicclZNghR3rjjsOyzJA/rs:fit/g:sm/q:90/h:600/w:597/czM6Ly9kaXNjb2dz/LWRhdGFiYXNlLWlt/YWdlcy9SLTY1NTg1/Ny0xMzI3NjA0NDk3/LmpwZWc.jpeg", "tracks": []}, "5": {"title": "Kargo", "artist": "Kraftklub", "release_date": "2022-09-01", "genre": ["Pop", "Rock"], "vinyl_type": "Album", "publisher": "Capitol/Vertigo", "ISBN": "123455", "cover": "https://i.discogs.com/WbvX9wBL_mR6r6oFyadrGZp2O-tOLY_TlhEpewDDLdc/rs:fit/g:sm/q:90/h:500/w:500/czM6Ly9kaXNjb2dz/LWRhdGFiYXNlLWlt/YWdlcy9SLTI0NTk2/MjQ2LTE2NjM4NTgx/NjAtNzY3OS5qcGVn.jpeg", "tracks": []}, "6": {"title": "Hurra die Welt geht unter", "artist": "K.I.Z.", "release_date": "2015-01-01", "genre": ["Hiphop"], "vinyl_type": "Album", "publisher": "Vertigo Berlin", "ISBN": "06025 4743209 4", "cover": "https://i.discogs.com/uxCAowY3oiWhBqBOlzNbbnsCpS0VYSwl1qPbF3L-ih4/rs:fit/g:sm/q:90/h:598/w:600/czM6Ly9kaXNjb2dz/LWRhdGFiYXNlLWlt/YWdlcy9SLTcyMjQx/NjktMTYwMjYzMDMw/My02MTc5LmpwZWc.jpeg", "tracks": []}, "7": {"title": "The Dark Side of the Moon", "artist": "Pink Floyd", "release_date": "1973-01-01", "genre": ["Rock"], "vinyl_type": "Album", "publisher": "Harvest", "ISBN": "SMAS-11163", "cover": "https://i.discogs.com/9TFRqx1yW7EkC71l42QR2UEjnSWzcXT5TGDsfWxT4xE/rs:fit/g:sm/q:90/h:600/w:597/czM6Ly9kaXNjb2dz/LWRhdGFiYXNlLWlt/YWdlcy9SLTE4NzMw/MTMtMTY2NzIwODk0/MC01NTc3LmpwZWc.jpeg", "tracks": ["Speak to me", "Breathe", "On the Run", "Time"]}, "8": {"title": "The Wall", "artist": "Pink Floyd", "release_date": "1973-11-30", "genre": ["Rock"], "vinyl_type": "Album", "publisher": "Harvest", "ISBN": "SHDW 411", "cover": "https://i.discogs.com/tr65mTAxcsNiDI7G-cgWG3P-jcy-jwfP0RJtyVjA_C8/rs:fit/g:sm/q:90/h:600/w:588/czM6Ly9kaXNjb2dz/LWRhdGFiYXNlLWlt/YWdlcy9SLTM2NzUx/MS0xNTI5MDc3MDIx/LTExNTUuanBlZw.jpeg", "tracks": ["In The Flesh?", "The Thin Ice", "Another Brick In The Wall (Part 1)"]}}}